task,gcn,gat,hgnn,hypergcn,gt
SLD,0.461538,0.384615,0.461538,0.461538,0.384615
SLI,0.615385,0.615385,0.461538,0.307692,0.461538
SSD,0.333333,0.583333,0.250000,0.250000,0.583333
SSI,0.461538,0.615385,0.461538,0.384615,0.538462
VLD,0.714286,0.428571,0.642857,0.500000,0.285714
VLI,0.857143,0.642857,0.428571,0.571429,0.571429
VSD,0.357143,0.428571,0.500000,0.500000,0.642857
VSI,0.400000,0.666667,0.466667,0.466667,0.333333
