task,gcn,gat,hgnn,hypergcn,gt
SLD,0.363636,0.200000,0.533333,0.363636,0.500000
SLI,0.285714,0.285714,0.631579,0.470588,0.631579
SSD,0.333333,0.666667,0.307692,0.181818,0.444444
SSI,0.461538,0.444444,0.533333,0.555556,0.000000
VLD,0.714286,0.000000,0.444444,0.000000,0.444444
VLI,0.857143,0.615385,0.600000,0.000000,0.666667
VSD,0.000000,0.000000,0.222222,0.000000,0.705882
VSI,0.526316,0.666667,0.500000,0.555556,0.444444
