task,gcn,gat,hgnn,hypergcn,gt
SLD,0.688205,0.696405,0.691932,0.688799,0.698294
SLI,0.693120,0.692959,0.693752,0.693861,0.694063
SSD,0.700437,0.687020,0.695881,0.703149,0.693350
SSI,0.688939,0.690317,0.694615,0.711837,0.694498
VLD,0.691163,0.696639,0.693379,0.693497,0.697909
VLI,0.686381,0.690763,0.695189,0.689909,0.693085
VSD,0.698213,0.710388,0.695793,0.696994,0.699999
VSI,0.742000,0.699699,0.696631,0.703758,0.704374
