task,total,hard,medium,easy,hard_ratio,easy_ratio
SLD,62,11,40,11,0.1774193548387097,0.1774193548387097
SLI,66,9,52,5,0.13636363636363635,0.07575757575757576
SSD,64,20,39,5,0.3125,0.078125
SSI,65,19,39,7,0.2923076923076923,0.1076923076923077
VLD,73,19,48,6,0.2602739726027397,0.0821917808219178
VLI,74,15,55,4,0.20270270270270271,0.05405405405405406
VSD,70,18,48,4,0.2571428571428571,0.05714285714285714
VSI,72,12,51,9,0.16666666666666666,0.125
