{
  "SLD": {
    "total": 62,
    "hard": 27,
    "medium": 32,
    "easy": 3,
    "hard_ratio": 0.43548387096774194,
    "easy_ratio": 0.04838709677419355
  },
  "SLI": {
    "total": 66,
    "hard": 34,
    "medium": 27,
    "easy": 5,
    "hard_ratio": 0.5151515151515151,
    "easy_ratio": 0.07575757575757576
  },
  "SSD": {
    "total": 64,
    "hard": 26,
    "medium": 35,
    "easy": 3,
    "hard_ratio": 0.40625,
    "easy_ratio": 0.046875
  },
  "SSI": {
    "total": 65,
    "hard": 24,
    "medium": 37,
    "easy": 4,
    "hard_ratio": 0.36923076923076925,
    "easy_ratio": 0.06153846153846154
  },
  "VLD": {
    "total": 73,
    "hard": 27,
    "medium": 44,
    "easy": 2,
    "hard_ratio": 0.3698630136986301,
    "easy_ratio": 0.0273972602739726
  },
  "VLI": {
    "total": 74,
    "hard": 34,
    "medium": 37,
    "easy": 3,
    "hard_ratio": 0.4594594594594595,
    "easy_ratio": 0.04054054054054054
  },
  "VSD": {
    "total": 70,
    "hard": 26,
    "medium": 43,
    "easy": 1,
    "hard_ratio": 0.37142857142857144,
    "easy_ratio": 0.014285714285714285
  },
  "VSI": {
    "total": 72,
    "hard": 31,
    "medium": 14,
    "easy": 27,
    "hard_ratio": 0.4305555555555556,
    "easy_ratio": 0.375
  }
}