{
  "SLD": {
    "total": 62,
    "hard": 11,
    "medium": 40,
    "easy": 11,
    "hard_ratio": 0.1774193548387097,
    "easy_ratio": 0.1774193548387097
  },
  "SLI": {
    "total": 66,
    "hard": 9,
    "medium": 52,
    "easy": 5,
    "hard_ratio": 0.13636363636363635,
    "easy_ratio": 0.07575757575757576
  },
  "SSD": {
    "total": 64,
    "hard": 20,
    "medium": 39,
    "easy": 5,
    "hard_ratio": 0.3125,
    "easy_ratio": 0.078125
  },
  "SSI": {
    "total": 65,
    "hard": 19,
    "medium": 39,
    "easy": 7,
    "hard_ratio": 0.2923076923076923,
    "easy_ratio": 0.1076923076923077
  },
  "VLD": {
    "total": 73,
    "hard": 19,
    "medium": 48,
    "easy": 6,
    "hard_ratio": 0.2602739726027397,
    "easy_ratio": 0.0821917808219178
  },
  "VLI": {
    "total": 74,
    "hard": 15,
    "medium": 55,
    "easy": 4,
    "hard_ratio": 0.20270270270270271,
    "easy_ratio": 0.05405405405405406
  },
  "VSD": {
    "total": 70,
    "hard": 18,
    "medium": 48,
    "easy": 4,
    "hard_ratio": 0.2571428571428571,
    "easy_ratio": 0.05714285714285714
  },
  "VSI": {
    "total": 72,
    "hard": 12,
    "medium": 51,
    "easy": 9,
    "hard_ratio": 0.16666666666666666,
    "easy_ratio": 0.125
  }
}