task,total,hard,medium,easy,hard_ratio,easy_ratio
SLD,62,27,32,3,0.43548387096774194,0.04838709677419355
SLI,66,34,27,5,0.5151515151515151,0.07575757575757576
SSD,64,26,35,3,0.40625,0.046875
SSI,65,24,37,4,0.36923076923076925,0.06153846153846154
VLD,73,27,44,2,0.3698630136986301,0.0273972602739726
VLI,74,34,37,3,0.4594594594594595,0.04054054054054054
VSD,70,26,43,1,0.37142857142857144,0.014285714285714285
VSI,72,31,14,27,0.4305555555555556,0.375
