task,hypergcn,gcn,hgnn,gat,gt
SLD,0.667725,0.645503,0.622222,0.657143,0.403175
SLI,0.554630,0.537037,0.616667,0.587037,0.554630
SSD,0.512897,0.517857,0.589286,0.609127,0.498512
SSI,0.614943,0.638889,0.589080,0.535441,0.344828
VLD,0.589147,0.582946,0.607752,0.570543,0.450388
VLI,0.582146,0.601650,0.591148,0.597149,0.600150
VSD,0.535745,0.529716,0.603790,0.503015,0.478036
VSI,0.638889,0.636508,0.607937,0.626190,0.656349
