task,gat,hypergcn,hgnn,gcn,gt
SLD,0.787302,0.736508,0.794709,0.817989,0.696296
SLI,0.819444,0.613889,0.714815,0.812037,0.753704
SSD,0.743056,0.792659,0.616071,0.781746,0.618056
SSI,0.636973,0.661877,0.727011,0.863985,0.748084
VLD,0.770543,0.696124,0.703876,0.742636,0.647287
VLI,0.754689,0.655664,0.820705,0.778695,0.678920
VSD,0.739879,0.745909,0.701981,0.809647,0.562446
VSI,0.853175,0.748413,0.753175,0.815873,0.563492
