{
  "model": "gat",
  "task": "VSD",
  "best_epoch": 35,
  "best_score": 0.6256684491972728,
  "monitor": "val_macro_f1",
  "test": {
    "loss": 0.7103878515107291,
    "acc": 0.4285714328289032,
    "f1": 0.0,
    "macro_f1": 0.29999999999973,
    "balanced_acc": 0.37499999999995315
  },
  "num_samples": 70,
  "num_train": 42,
  "num_val": 14,
  "num_test": 14,
  "checkpoint": "checkpoints\\gat_VSD.pt"
}