{
  "model": "gcn",
  "task": "SSD",
  "best_epoch": 17,
  "best_score": 0.6904761904755838,
  "monitor": "val_macro_f1",
  "test": {
    "loss": 0.7004372874895731,
    "acc": 0.3333333432674408,
    "f1": 0.33333333333279164,
    "macro_f1": 0.33333333333279164,
    "balanced_acc": 0.34285714285708246
  },
  "num_samples": 64,
  "num_train": 39,
  "num_val": 13,
  "num_test": 12,
  "checkpoint": "checkpoints\\gcn_SSD.pt"
}