{
  "model": "gcn",
  "task": "SLD",
  "best_epoch": 34,
  "best_score": 0.5804195804190153,
  "monitor": "val_macro_f1",
  "test": {
    "loss": 0.6882052008922284,
    "acc": 0.4615384638309479,
    "f1": 0.36363636363580165,
    "macro_f1": 0.44848484848428305,
    "balanced_acc": 0.45238095238088377
  },
  "num_samples": 62,
  "num_train": 37,
  "num_val": 12,
  "num_test": 13,
  "checkpoint": "checkpoints\\gcn_SLD.pt"
}