{
  "model": "gt",
  "task": "SLI",
  "best_epoch": 1,
  "best_score": 0.4583333333329334,
  "monitor": "val_macro_f1",
  "test": {
    "loss": 0.6940634709138137,
    "acc": 0.4615384638309479,
    "f1": 0.6315789473679224,
    "macro_f1": 0.3157894736839612,
    "balanced_acc": 0.4999999999999167
  },
  "num_samples": 66,
  "num_train": 40,
  "num_val": 13,
  "num_test": 13,
  "checkpoint": "checkpoints\\gt_SLI.pt"
}