{
  "model": "gt",
  "task": "SSD",
  "best_epoch": 1,
  "best_score": 0.3157894736839612,
  "monitor": "val_macro_f1",
  "test": {
    "loss": 0.7110437949498495,
    "acc": 0.4166666567325592,
    "f1": 0.5882352941171626,
    "macro_f1": 0.2941176470585813,
    "balanced_acc": 0.49999999999989997
  },
  "num_samples": 64,
  "num_train": 39,
  "num_val": 13,
  "num_test": 12,
  "checkpoint": "checkpoints/gt_SSD.pt"
}