{
  "model": "gt",
  "task": "SLD",
  "best_epoch": 13,
  "best_score": 0.5555555555550666,
  "monitor": "val_macro_f1",
  "test": {
    "loss": 0.6982935208540696,
    "acc": 0.38461539149284363,
    "f1": 0.49999999999946876,
    "macro_f1": 0.3499999999995044,
    "balanced_acc": 0.404761904761839
  },
  "num_samples": 62,
  "num_train": 37,
  "num_val": 12,
  "num_test": 13,
  "checkpoint": "checkpoints\\gt_SLD.pt"
}