{
  "model": "gt",
  "task": "SLD",
  "best_epoch": 1,
  "best_score": 0.2941176470585813,
  "monitor": "val_macro_f1",
  "test": {
    "loss": 0.6985164147156936,
    "acc": 0.4615384638309479,
    "f1": 0.6315789473679224,
    "macro_f1": 0.3157894736839612,
    "balanced_acc": 0.4999999999999167
  },
  "num_samples": 62,
  "num_train": 37,
  "num_val": 12,
  "num_test": 13,
  "checkpoint": "checkpoints/gt_SLD.pt"
}