{
  "model": "gt",
  "task": "VLD",
  "best_epoch": 1,
  "best_score": 0.2857142857140544,
  "monitor": "val_macro_f1",
  "test": {
    "loss": 0.7100813644272941,
    "acc": 0.4285714328289032,
    "f1": 0.59999999999952,
    "macro_f1": 0.29999999999976,
    "balanced_acc": 0.4999999999999167
  },
  "num_samples": 73,
  "num_train": 44,
  "num_val": 15,
  "num_test": 14,
  "checkpoint": "checkpoints/gt_VLD.pt"
}