{
  "model": "hgnn",
  "task": "SSD",
  "best_epoch": 18,
  "best_score": 0.7636363636357473,
  "monitor": "val_macro_f1",
  "test": {
    "loss": 0.6958814064661661,
    "acc": 0.25,
    "f1": 0.307692307691787,
    "macro_f1": 0.24475524475473648,
    "balanced_acc": 0.2714285714285212
  },
  "num_samples": 64,
  "num_train": 39,
  "num_val": 13,
  "num_test": 12,
  "checkpoint": "checkpoints\\hgnn_SSD.pt"
}