{
  "model": "hgnn",
  "task": "VSI",
  "best_epoch": 9,
  "best_score": 0.4759358288764406,
  "monitor": "val_macro_f1",
  "test": {
    "loss": 0.696630883216858,
    "acc": 0.46666666865348816,
    "f1": 0.49999999999946876,
    "macro_f1": 0.46428571428518844,
    "balanced_acc": 0.4999999999999259
  },
  "num_samples": 72,
  "num_train": 43,
  "num_val": 14,
  "num_test": 15,
  "checkpoint": "checkpoints\\hgnn_VSI.pt"
}