{
  "model": "hypergcn",
  "task": "SLD",
  "best_epoch": 10,
  "best_score": 0.4857142857137653,
  "monitor": "val_macro_f1",
  "test": {
    "loss": 0.6887986247356122,
    "acc": 0.4615384638309479,
    "f1": 0.36363636363580165,
    "macro_f1": 0.44848484848428305,
    "balanced_acc": 0.45238095238088377
  },
  "num_samples": 62,
  "num_train": 37,
  "num_val": 12,
  "num_test": 13,
  "checkpoint": "checkpoints\\hypergcn_SLD.pt"
}