{
  "model": "hypergcn",
  "task": "VLI",
  "best_epoch": 11,
  "best_score": 0.5341614906827943,
  "monitor": "val_macro_f1",
  "test": {
    "loss": 0.6899086151804242,
    "acc": 0.5714285969734192,
    "f1": 0.0,
    "macro_f1": 0.36363636363609925,
    "balanced_acc": 0.4999999999999375
  },
  "num_samples": 74,
  "num_train": 45,
  "num_val": 15,
  "num_test": 14,
  "checkpoint": "checkpoints\\hypergcn_VLI.pt"
}