{
  "model": "hypergcn",
  "task": "SSD",
  "best_epoch": 14,
  "best_score": 0.674999999999407,
  "monitor": "val_macro_f1",
  "test": {
    "loss": 0.7031485438346863,
    "acc": 0.25,
    "f1": 0.18181818181765289,
    "macro_f1": 0.2447552447547081,
    "balanced_acc": 0.24285714285710244
  },
  "num_samples": 64,
  "num_train": 39,
  "num_val": 13,
  "num_test": 12,
  "checkpoint": "checkpoints\\hypergcn_SSD.pt"
}