{
  "model": "hypergcn",
  "task": "VSD",
  "best_epoch": 8,
  "best_score": 0.7142857142851429,
  "monitor": "val_macro_f1",
  "test": {
    "loss": 0.696994491985866,
    "acc": 0.5,
    "f1": 0.0,
    "macro_f1": 0.3333333333330657,
    "balanced_acc": 0.4374999999999453
  },
  "num_samples": 70,
  "num_train": 42,
  "num_val": 14,
  "num_test": 14,
  "checkpoint": "checkpoints\\hypergcn_VSD.pt"
}